RA,Dec,Object Name,Download Link,Cutout Size (arcmin)
206.4216666666667,23.38138888888889,13:45:41.20 23:22:53.00,13:45:41.20_23:22:53.00.fits,30.666666666666668
